TCGA_patient_barcode	time	status	ajcc_pathologic_tumor_stage	type	tumor_stage	kras_mutation	braf_mutation	egfr_mutation	tumor_type	random
TCGA-05-4244	0	0	Stage IV	LUAD	1	1	0	0	0	0
TCGA-05-4245	730	0	Stage IIIA	LUAD	1	0	0	0	0	0
TCGA-05-4249	1523	0	Stage IB	LUAD	0	1	1	0	0	0
TCGA-05-4250	121	1	Stage IIIA	LUAD	1	1	0	0	0	0
TCGA-05-4382	607	0	Stage IB	LUAD	0	0	1	1	0	0
TCGA-05-4384	426	0	Stage IIIA	LUAD	1	0	0	0	0	1
TCGA-05-4389	1369	0	Stage IA	LUAD	0	0	1	0	0	0
TCGA-05-4390	1126	0	Stage IB	LUAD	0	1	0	0	0	0
TCGA-05-4395	0	1	Stage IIIB	LUAD	1	1	0	0	0	0
TCGA-05-4396	303	1	Stage IIIB	LUAD	1	0	0	0	0	0
TCGA-05-4397	731	1	Stage IIB	LUAD	0	0	0	0	0	1
TCGA-05-4398	1431	0	Stage IIIB	LUAD	1	0	0	0	0	1
TCGA-05-4402	244	1	Stage IV	LUAD	1	0	0	1	0	1
TCGA-05-4403	578	0	Stage IB	LUAD	0	0	0	0	0	0
TCGA-05-4405	610	0	Stage IB	LUAD	0	0	0	0	0	0
TCGA-05-4410	0	0	Stage IB	LUAD	0	0	1	1	0	0
TCGA-05-4415	91	1	Stage IIIB	LUAD	1	1	0	0	0	0
TCGA-05-4417	455	0	Stage IB	LUAD	0	1	0	0	0	0
TCGA-05-4418	274	1	Stage IIIA	LUAD	1	1	0	0	0	0
TCGA-05-4420	912	0	Stage IB	LUAD	0	0	0	0	0	0
TCGA-05-4422	365	0	Stage IB	LUAD	0	0	0	0	0	0
TCGA-05-4424	913	0	Stage IIB	LUAD	0	0	0	0	0	0
TCGA-05-4425	669	0	Stage IV	LUAD	1	0	0	1	0	1
TCGA-05-4426	791	0	Stage IB	LUAD	0	0	0	0	0	0
TCGA-05-4427	791	0	Stage IIB	LUAD	0	1	0	0	0	1
TCGA-05-4430	761	0	Stage IB	LUAD	0	0	0	0	0	0
TCGA-05-4432	761	0	Stage IIB	LUAD	0	0	0	0	0	0
TCGA-05-4433	730	0	Stage IB	LUAD	0	1	0	0	0	1
TCGA-05-4434	457	1	Stage IV	LUAD	1	0	0	0	0	0
TCGA-05-5420	457	0	Stage IIIA	LUAD	1	0	0	0	0	0
TCGA-05-5423	151	0	Stage IIB	LUAD	0	0	0	1	0	0
TCGA-05-5425	882	0	Stage IIB	LUAD	0	0	0	0	0	0
TCGA-05-5428	670	0	Stage IIA	LUAD	0	0	1	0	0	0
TCGA-05-5429	275	1	Stage IIIA	LUAD	1	0	0	0	0	0
TCGA-05-5715	62	0	Stage IB	LUAD	0	0	0	0	0	1
TCGA-35-3615	14	0	Stage IB	LUAD	0	1	0	0	0	0
TCGA-35-4122	225	0	Stage IA	LUAD	0	0	0	0	0	0
TCGA-35-4123	182	0	Stage IA	LUAD	0	0	0	0	0	0
TCGA-35-5375	264	0	Stage IIIA	LUAD	1	0	0	0	0	1
TCGA-38-4625	2973	0	Stage IB	LUAD	0	0	0	0	0	0
TCGA-38-4626	3674	0	[Discrepancy]	LUAD	NA	0	0	0	0	0
TCGA-38-4627	1147	1	Stage IIA	LUAD	0	0	0	1	0	0
TCGA-38-4628	1492	1	Stage IIB	LUAD	0	0	0	1	0	0
TCGA-38-4629	864	1	Stage IIB	LUAD	0	0	0	1	0	0
TCGA-38-4630	1073	1	Stage IB	LUAD	0	0	0	0	0	0
TCGA-38-4631	354	1	Stage IB	LUAD	0	0	0	0	0	0
TCGA-38-4632	1357	1	Stage IV	LUAD	1	0	0	0	0	0
TCGA-38-6178	448	0	Stage IIIA	LUAD	1	0	0	1	0	1
TCGA-38-7271	800	1	Stage IA	LUAD	0	0	0	0	0	0
TCGA-38-A44F	133	0	Stage IB	LUAD	0	0	0	0	0	0
TCGA-44-2655	1324	0	Stage IA	LUAD	0	0	0	0	0	0
TCGA-44-2656	1429	0	Stage IB	LUAD	0	0	0	0	0	0
TCGA-44-2657	1351	0	Stage IB	LUAD	0	0	0	0	0	0
TCGA-44-2659	1367	0	Stage IIB	LUAD	0	0	0	0	0	0
TCGA-44-2661	1159	0	Stage IA	LUAD	0	0	0	1	0	1
TCGA-44-2662	1280	0	Stage IB	LUAD	0	0	0	0	0	1
TCGA-44-2664	1251	0	Stage IA	LUAD	0	0	0	0	0	1
TCGA-44-2665	1301	0	Stage IIB	LUAD	0	0	0	0	0	0
TCGA-44-2666	97	1	Stage IB	LUAD	0	0	1	0	0	0
TCGA-44-2668	761	1	Stage IB	LUAD	0	0	0	0	0	0
TCGA-44-3396	1130	0	Stage IIIA	LUAD	1	0	0	0	0	0
TCGA-44-3398	1163	0	Stage IA	LUAD	0	0	0	0	0	0
TCGA-44-3917	1183	0	Stage IB	LUAD	0	1	0	0	0	0
TCGA-44-3918	1036	0	Stage IA	LUAD	0	0	1	0	0	0
TCGA-44-3919	1026	1	Stage IA	LUAD	0	0	0	0	0	0
TCGA-44-4112	808	1	Stage IB	LUAD	0	0	0	0	0	0
TCGA-44-5643	1013	0	Stage IIIA	LUAD	1	0	0	0	0	0
TCGA-44-5644	863	0	Stage IB	LUAD	0	0	0	0	0	0
TCGA-44-5645	852	0	Stage IA	LUAD	0	0	0	1	0	0
TCGA-44-6144	723	0	Stage IA	LUAD	0	0	0	0	0	1
TCGA-44-6145	595	0	Stage IA	LUAD	0	1	0	0	0	0
TCGA-44-6146	728	0	Stage IIB	LUAD	0	0	0	0	0	0
TCGA-44-6147	845	0	Stage IA	LUAD	0	0	0	0	0	0
TCGA-44-6148	704	0	Stage IA	LUAD	0	0	0	0	0	0
TCGA-44-6774	658	0	Stage IIIA	LUAD	1	0	1	0	0	0
TCGA-44-6775	705	0	Stage IB	LUAD	0	0	0	0	0	0
TCGA-44-6776	2616	0	Stage IA	LUAD	0	1	0	0	0	0
TCGA-44-6777	987	1	Stage IB	LUAD	0	0	0	0	0	0
TCGA-44-6778	1864	0	Stage IA	LUAD	0	0	0	0	0	0
TCGA-44-6779	500	1	Stage IIB	LUAD	0	0	0	0	0	0
TCGA-44-7659	691	0	Stage IA	LUAD	0	0	0	0	0	0
TCGA-44-7660	592	0	Stage IB	LUAD	0	0	0	0	0	0
TCGA-44-7661	557	1	Stage IB	LUAD	0	1	0	0	0	0
TCGA-44-7662	218	0	Stage IB	LUAD	0	0	0	0	0	0
TCGA-44-7667	1097	0	Stage IIB	LUAD	0	0	0	0	0	0
TCGA-44-7669	574	1	Stage IIA	LUAD	0	0	0	0	0	0
TCGA-44-7670	882	0	Stage IIA	LUAD	0	0	0	0	0	1
TCGA-44-7671	889	0	Stage IB	LUAD	0	1	0	0	0	0
TCGA-44-7672	719	0	Stage IA	LUAD	0	1	0	0	0	1
TCGA-44-8117	385	0	Stage IB	LUAD	0	1	0	0	0	1
TCGA-44-8119	285	0	Stage IIB	LUAD	0	0	0	0	0	1
TCGA-44-8120	260	0	Stage IB	LUAD	0	0	0	0	0	1
TCGA-44-A479	486	0	Stage IB	LUAD	0	0	0	0	0	1
TCGA-44-A47A	466	0	Stage IB	LUAD	0	1	0	0	0	0
TCGA-44-A47B	287	0	Stage IB	LUAD	0	0	0	0	0	0
TCGA-44-A47F	337	0	Stage IIB	LUAD	0	1	0	0	0	0
TCGA-44-A47G	351	0	Stage IA	LUAD	0	0	0	0	0	0
TCGA-44-A4SS	415	0	Stage IA	LUAD	0	0	0	0	0	0
TCGA-44-A4SU	409	1	Stage IA	LUAD	0	0	0	1	0	0
TCGA-49-4486	2318	1	Stage IA	LUAD	0	0	0	0	0	0
TCGA-49-4487	855	1	Stage IA	LUAD	0	0	0	0	0	0
TCGA-49-4488	869	1	Stage IA	LUAD	0	0	0	0	0	0
TCGA-49-4490	385	1	Stage IIIA	LUAD	1	0	0	1	0	0
TCGA-49-4494	1081	1	Stage IIIA	LUAD	1	0	0	1	0	0
TCGA-49-4501	1421	1	Stage IB	LUAD	0	0	0	1	0	0
TCGA-49-4505	428	1	Stage IIB	LUAD	0	1	0	0	0	0
TCGA-49-4506	999	1	Stage IIB	LUAD	0	1	0	0	0	1
TCGA-49-4507	268	1	Stage IIIA	LUAD	1	0	0	0	0	1
TCGA-49-4510	896	1	Stage IIB	LUAD	0	1	0	0	0	0
TCGA-49-4512	905	1	Stage IIIA	LUAD	1	0	0	0	0	0
TCGA-49-4514	1700	0	Stage IA	LUAD	0	0	0	0	0	0
TCGA-49-6742	488	1	Stage IIA	LUAD	0	0	0	0	0	0
TCGA-49-6743	1621	0	Stage IIIA	LUAD	1	0	0	1	0	0
TCGA-49-6744	1683	0	Stage IIA	LUAD	0	0	0	0	0	0
TCGA-49-6745	522	0	Stage IIIA	LUAD	1	0	0	0	0	0
TCGA-49-6761	354	0	Stage IIIA	LUAD	1	0	0	0	0	1
TCGA-49-6767	677	0	Stage IIB	LUAD	0	0	0	0	0	1
TCGA-49-AAQV	677	1	Stage II	LUAD	0	0	0	0	0	0
TCGA-49-AAR0	4765	0	Stage IA	LUAD	0	0	0	0	0	1
TCGA-49-AAR2	2224	0	Stage IB	LUAD	0	0	0	0	0	0
TCGA-49-AAR3	1893	0	Stage IIB	LUAD	0	0	0	0	0	0
TCGA-49-AAR4	879	1	Stage IIIA	LUAD	1	0	0	0	0	0
TCGA-49-AAR9	260	1	Stage IIB	LUAD	0	0	0	0	0	0
TCGA-49-AARE	1229	1	Stage IA	LUAD	0	0	0	0	0	0
TCGA-49-AARN	1135	1	Stage IA	LUAD	0	0	1	0	0	1
TCGA-49-AARO	3759	0	Stage IA	LUAD	0	1	0	0	0	0
TCGA-49-AARQ	6732	0	Stage I	LUAD	0	1	0	0	0	0
TCGA-49-AARR	4992	0	Stage IA	LUAD	0	0	0	0	0	0
TCGA-4B-A93V	300	1	Stage IA	LUAD	0	1	0	0	0	1
TCGA-50-5044	624	1	Stage IIIB	LUAD	1	0	1	0	0	1
TCGA-50-5045	2174	1	[Discrepancy]	LUAD	NA	0	0	0	0	0
TCGA-50-5049	3094	0	Stage IA	LUAD	0	0	0	0	0	0
TCGA-50-5051	478	1	Stage IIIA	LUAD	1	1	0	0	0	1
TCGA-50-5055	1830	1	Stage IIA	LUAD	0	0	0	0	0	1
TCGA-50-5066	1442	0	Stage IB	LUAD	0	0	0	1	0	0
TCGA-50-5068	1499	1	Stage IIB	LUAD	0	0	0	0	0	0
TCGA-50-5072	250	1	Stage IIIA	LUAD	1	0	0	0	0	0
TCGA-50-5930	282	1	Stage IIIA	LUAD	1	0	1	0	0	0
TCGA-50-5931	434	1	Stage IB	LUAD	0	0	0	0	0	0
TCGA-50-5932	1235	1	Stage IIB	LUAD	0	1	0	0	0	0
TCGA-50-5933	2393	1	Stage IIIB	LUAD	1	0	0	1	0	0
TCGA-50-5935	653	1	Stage IA	LUAD	0	0	0	0	0	0
TCGA-50-5936	257	1	Stage IIIA	LUAD	1	1	0	0	0	0
TCGA-50-5939	460	1	Stage IB	LUAD	0	0	0	0	0	1
TCGA-50-5941	1474	0	Stage IIIA	LUAD	1	1	0	0	0	0
TCGA-50-5942	1847	0	Stage IA	LUAD	0	0	1	0	0	0
TCGA-50-5944	1750	0	Stage IA	LUAD	0	0	0	1	0	0
TCGA-50-5946	1617	0	Stage IA	LUAD	0	0	1	0	0	1
TCGA-50-6590	1288	1	Stage IB	LUAD	0	0	0	0	0	0
TCGA-50-6591	119	1	Stage IV	LUAD	1	0	0	1	0	1
TCGA-50-6592	777	1	Stage IB	LUAD	0	0	0	0	0	0
TCGA-50-6593	336	1	Stage IIIA	LUAD	1	0	0	0	0	0
TCGA-50-6594	370	1	Stage IIIA	LUAD	1	0	1	0	0	0
TCGA-50-6595	189	1	Stage IIIA	LUAD	1	0	0	1	0	0
TCGA-50-6597	1268	1	Stage IB	LUAD	0	0	0	0	0	0
TCGA-50-6673	22	1	Stage I	LUAD	0	0	0	1	0	0
TCGA-50-7109	308	1	Stage IA	LUAD	0	0	0	0	0	1
TCGA-50-8457	1125	0	Stage IA	LUAD	0	0	0	0	0	0
TCGA-50-8459	1119	0	Stage IIB	LUAD	0	1	0	0	0	1
TCGA-50-8460	829	0	Stage IA	LUAD	0	0	0	0	0	0
TCGA-53-7624	1043	1	Stage IV	LUAD	1	0	1	0	0	1
TCGA-53-7626	929	1	Stage IIA	LUAD	0	0	0	0	0	0
TCGA-53-7813	424	0	Stage IIIB	LUAD	1	1	0	0	0	0
TCGA-53-A4EZ	1071	0	Stage IIA	LUAD	0	0	1	0	0	0
TCGA-55-1592	701	1	Stage IA	LUAD	0	0	0	0	0	0
TCGA-55-1594	1178	0	Stage IIIA	LUAD	1	0	0	0	0	0
TCGA-55-1595	1479	0	Stage IA	LUAD	0	1	0	0	0	0
TCGA-55-1596	2065	0	Stage IIB	LUAD	0	0	0	0	0	1
TCGA-55-5899	930	0	[Discrepancy]	LUAD	NA	0	0	0	0	0
TCGA-55-6543	435	0	Stage IA	LUAD	0	0	0	0	0	0
TCGA-55-6642	2449	0	Stage IB	LUAD	0	1	0	0	0	0
TCGA-55-6712	171	1	Stage IIA	LUAD	0	0	0	0	0	0
TCGA-55-6968	1293	1	Stage IV	LUAD	1	0	1	1	0	0
TCGA-55-6969	1239	0	Stage IB	LUAD	0	0	0	0	0	0
TCGA-55-6970	464	1	Stage IIIA	LUAD	1	1	0	0	0	0
TCGA-55-6971	1400	0	Stage IB	LUAD	0	0	0	0	0	0
TCGA-55-6972	1632	1	Stage IB	LUAD	0	0	0	0	0	0
TCGA-55-6975	118	1	Stage IIB	LUAD	0	1	0	0	0	0
TCGA-55-6978	176	1	Stage IIA	LUAD	0	0	0	0	0	0
TCGA-55-6979	237	1	Stage IIB	LUAD	0	0	1	1	0	0
TCGA-55-6980	2109	0	Stage IA	LUAD	0	0	0	1	0	0
TCGA-55-6981	1379	1	Stage IIIA	LUAD	1	0	0	1	0	0
TCGA-55-6982	995	1	Stage IIB	LUAD	0	0	0	0	0	1
TCGA-55-6983	2823	0	Stage IIB	LUAD	0	1	0	0	0	0
TCGA-55-6984	760	1	Stage IIB	LUAD	0	1	0	0	0	0
TCGA-55-6985	1233	0	Stage IB	LUAD	0	0	0	0	0	0
TCGA-55-6986	3261	0	Stage IB	LUAD	0	0	0	0	0	1
TCGA-55-6987	2137	0	Stage IA	LUAD	0	0	0	0	0	0
TCGA-55-7227	952	1	Stage IIIA	LUAD	1	0	0	0	0	0
TCGA-55-7281	872	0	Stage IA	LUAD	0	1	0	0	0	0
TCGA-55-7283	609	0	Stage IIIA	LUAD	1	1	0	0	0	0
TCGA-55-7284	243	1	Stage IIB	LUAD	0	1	0	0	0	0
TCGA-55-7570	824	0	Stage IA	LUAD	0	0	0	1	0	0
TCGA-55-7573	487	0	Stage IA	LUAD	0	0	0	1	0	1
TCGA-55-7574	995	1	Stage IB	LUAD	0	0	0	0	0	0
TCGA-55-7576	670	0	Stage IB	LUAD	0	1	0	0	0	0
TCGA-55-7724	705	0	Stage IB	LUAD	0	0	0	0	0	0
TCGA-55-7725	442	0	Stage IA	LUAD	0	1	0	0	0	1
TCGA-55-7726	652	0	Stage IA	LUAD	0	1	0	0	0	0
TCGA-55-7727	119	0	Stage IIIA	LUAD	1	0	0	0	0	0
TCGA-55-7728	704	0	Stage IB	LUAD	0	1	0	0	0	0
TCGA-55-7815	773	0	Stage IB	LUAD	0	1	0	0	0	0
TCGA-55-7816	468	1	Stage IV	LUAD	1	0	0	0	0	1
TCGA-55-7903	567	0	Stage IA	LUAD	0	0	1	0	0	0
TCGA-55-7907	343	1	Stage IIA	LUAD	0	1	0	0	0	0
TCGA-55-7910	1040	0	Stage IIA	LUAD	0	1	0	0	0	1
TCGA-55-7911	537	0	Stage IA	LUAD	0	1	0	0	0	0
TCGA-55-7913	561	1	Stage IA	LUAD	0	0	1	0	0	0
TCGA-55-7914	187	1	Stage IIA	LUAD	0	1	0	0	0	1
TCGA-55-7994	603	0	Stage IIB	LUAD	0	0	0	0	0	0
TCGA-55-7995	889	0	Stage IA	LUAD	0	0	0	0	0	0
TCGA-55-8085	904	0	Stage IA	LUAD	0	0	0	0	0	0
TCGA-55-8087	462	0	Stage IB	LUAD	0	0	0	1	0	1
TCGA-55-8089	702	1	Stage IA	LUAD	0	0	0	0	0	0
TCGA-55-8090	598	1	Stage IA	LUAD	0	1	0	0	0	0
TCGA-55-8091	600	0	Stage IB	LUAD	0	0	0	0	0	0
TCGA-55-8092	154	1	Stage IIB	LUAD	0	0	1	0	0	0
TCGA-55-8094	541	0	Stage IV	LUAD	1	1	0	0	0	0
TCGA-55-8096	719	1	Stage IB	LUAD	0	0	0	1	0	0
TCGA-55-8097	476	0	Stage IA	LUAD	0	1	0	0	0	0
TCGA-55-8203	547	0	Stage IA	LUAD	0	1	0	0	0	0
TCGA-55-8204	515	0	Stage IB	LUAD	0	0	0	0	0	0
TCGA-55-8205	599	0	Stage IIA	LUAD	0	0	0	0	0	1
TCGA-55-8206	888	0	Stage IA	LUAD	0	0	0	1	0	0
TCGA-55-8207	977	0	Stage IB	LUAD	0	1	0	0	0	0
TCGA-55-8208	674	0	Stage IA	LUAD	0	0	0	0	0	0
TCGA-55-8299	469	1	Stage IA	LUAD	0	1	0	0	0	0
TCGA-55-8301	534	0	Stage IB	LUAD	0	0	0	0	0	0
TCGA-55-8302	478	0	Stage IB	LUAD	0	1	0	0	0	1
TCGA-55-8505	440	0	Stage IIIA	LUAD	1	0	0	0	0	0
TCGA-55-8506	11	0	Stage IIB	LUAD	0	0	1	1	0	0
TCGA-55-8507	418	0	Stage IA	LUAD	0	0	0	0	0	0
TCGA-55-8508	617	0	Stage IIA	LUAD	0	1	0	0	0	1
TCGA-55-8510	539	0	Stage IB	LUAD	0	0	0	0	0	0
TCGA-55-8511	552	0	Stage IB	LUAD	0	0	1	0	0	0
TCGA-55-8512	607	1	Stage IV	LUAD	1	1	0	0	0	0
TCGA-55-8513	791	0	Stage IIB	LUAD	0	0	0	0	0	0
TCGA-55-8514	520	0	Stage IB	LUAD	0	1	0	0	0	0
TCGA-55-8614	536	0	Stage IB	LUAD	0	0	0	0	0	0
TCGA-55-8615	446	0	Stage IIIA	LUAD	1	1	0	0	0	0
TCGA-55-8616	48	0	Stage IB	LUAD	0	1	1	1	0	0
TCGA-55-8619	416	0	Stage IIB	LUAD	0	0	0	0	0	0
TCGA-55-8620	375	1	Stage IV	LUAD	1	0	0	0	0	0
TCGA-55-8621	515	0	Stage IA	LUAD	0	0	0	0	0	0
TCGA-55-A48X	689	0	Stage IIA	LUAD	0	0	0	0	0	1
TCGA-55-A48Y	630	0	Stage IIA	LUAD	0	0	0	0	0	0
TCGA-55-A48Z	651	0	Stage IIIB	LUAD	1	0	0	1	0	1
TCGA-55-A490	99	1	Stage IIA	LUAD	0	1	0	0	0	0
TCGA-55-A491	626	0	Stage IA	LUAD	0	0	0	0	0	1
TCGA-55-A492	596	0	Stage IA	LUAD	0	0	0	0	0	0
TCGA-55-A493	28	0	Stage IB	LUAD	0	0	0	0	0	0
TCGA-55-A494	481	0	Stage IB	LUAD	0	1	0	0	0	0
TCGA-55-A4DF	614	1	Stage IA	LUAD	0	0	0	0	0	0
TCGA-55-A4DG	608	0	Stage IA	LUAD	0	0	0	0	0	0
TCGA-55-A57B	546	0	Stage IA	LUAD	0	0	0	1	0	0
TCGA-62-8394	139	1	Stage IIIB	LUAD	1	0	0	1	0	0
TCGA-62-8395	1216	0	Stage IIB	LUAD	0	0	0	0	0	1
TCGA-62-8397	1289	0	Stage IIB	LUAD	0	0	0	1	0	1
TCGA-62-8398	444	1	Stage IIIA	LUAD	1	1	0	0	0	0
TCGA-62-8399	2696	0	Stage IIIA	LUAD	1	0	0	0	0	0
TCGA-62-8402	1498	1	Stage IIIA	LUAD	1	0	0	1	0	0
TCGA-62-A46O	1454	1	Stage IB	LUAD	0	0	0	0	0	0
TCGA-62-A46P	594	1	Stage IB	LUAD	0	0	0	0	0	0
TCGA-62-A46R	1725	1	Stage IB	LUAD	0	1	0	0	0	0
TCGA-62-A46S	1653	1	Stage IB	LUAD	0	1	0	0	0	0
TCGA-62-A46U	2067	0	Stage IIB	LUAD	0	0	0	1	0	0
TCGA-62-A46V	2199	0	Stage IB	LUAD	0	0	1	0	0	1
TCGA-62-A46Y	414	1	Stage IIIA	LUAD	1	0	0	0	0	1
TCGA-62-A470	1194	1	Stage IB	LUAD	0	0	0	0	0	0
TCGA-62-A471	1246	0	Stage IIB	LUAD	0	0	0	0	0	0
TCGA-62-A472	910	0	Stage IIB	LUAD	0	0	1	0	0	1
TCGA-64-1676	1728	0	Stage IA	LUAD	0	0	0	0	0	1
TCGA-64-1677	628	1	Stage IIIA	LUAD	1	0	0	0	0	1
TCGA-64-1678	1189	0	[Discrepancy]	LUAD	NA	0	0	0	0	0
TCGA-64-1679	2488	0	Stage IIIA	LUAD	1	0	0	0	0	1
TCGA-64-1680	1126	0	Stage IV	LUAD	1	0	0	0	0	0
TCGA-64-1681	1167	1	Stage IA	LUAD	0	0	0	1	0	1
TCGA-64-5774	2676	0	Stage IB	LUAD	0	1	0	0	0	0
TCGA-64-5775	62	1	Stage IIIA	LUAD	1	1	0	0	0	1
TCGA-64-5778	1305	0	Stage IB	LUAD	0	1	0	0	0	0
TCGA-64-5779	864	0	Stage IIIA	LUAD	1	0	0	0	0	0
TCGA-64-5781	1559	0	Stage IB	LUAD	0	0	0	0	0	1
TCGA-64-5815	866	0	Stage IIB	LUAD	0	1	0	0	0	0
TCGA-67-3770	610	0	Stage IA	LUAD	0	0	0	1	0	0
TCGA-67-3771	610	0	Stage IA	LUAD	0	0	0	1	0	0
TCGA-67-3772	573	0	Stage IB	LUAD	0	0	0	1	0	1
TCGA-67-3773	427	0	Stage IB	LUAD	0	1	0	0	0	1
TCGA-67-3774	385	0	Stage IB	LUAD	0	1	0	0	0	0
TCGA-67-3776	61	0	Stage IIB	LUAD	0	0	0	0	0	1
TCGA-67-4679	448	0	[Discrepancy]	LUAD	NA	1	0	0	0	1
TCGA-67-6215	174	0	Stage IB	LUAD	0	0	0	0	0	1
TCGA-67-6216	141	0	Stage IA	LUAD	0	0	0	0	0	1
TCGA-67-6217	422	0	Stage IIA	LUAD	0	0	0	1	0	1
TCGA-69-7760	202	0	Stage IIB	LUAD	0	0	0	1	0	0
TCGA-69-7761	186	0	Stage IB	LUAD	0	0	0	0	0	0
TCGA-69-7763	690	0	Stage IA	LUAD	0	0	0	0	0	0
TCGA-69-7764	414	0	Stage IA	LUAD	0	0	0	0	0	0
TCGA-69-7765	165	0	[Discrepancy]	LUAD	NA	0	1	1	0	1
TCGA-69-7973	230	0	Stage IB	LUAD	0	1	0	0	0	1
TCGA-69-7974	184	0	Stage IIIA	LUAD	1	1	0	0	0	1
TCGA-69-7978	134	0	Stage IIB	LUAD	0	1	0	0	0	0
TCGA-69-7979	408	0	Stage IB	LUAD	0	0	0	0	0	0
TCGA-69-7980	411	0	Stage I	LUAD	0	1	0	0	0	1
TCGA-69-8253	426	0	Stage IIA	LUAD	0	1	0	0	0	0
TCGA-69-8254	409	0	NA	LUAD	NA	1	0	0	0	0
TCGA-69-8255	129	0	Stage IA	LUAD	0	0	0	0	0	0
TCGA-69-8453	813	0	Stage IIB	LUAD	0	0	0	0	0	0
TCGA-69-A59K	591	0	Stage IIB	LUAD	0	0	0	0	0	1
TCGA-71-6725	256	0	Stage IB	LUAD	0	0	0	1	0	0
TCGA-71-8520	210	1	Stage IB	LUAD	0	0	0	1	0	1
TCGA-73-4658	1600	1	Stage IB	LUAD	0	0	0	0	0	0
TCGA-73-4659	711	1	Stage IIIA	LUAD	1	0	0	0	0	1
TCGA-73-4662	2515	0	Stage IA	LUAD	0	1	0	0	0	1
TCGA-73-4666	800	0	Stage IV	LUAD	1	0	0	0	0	0
TCGA-73-4668	467	0	Stage IIB	LUAD	0	0	0	0	0	0
TCGA-73-4670	131	0	Stage IV	LUAD	1	1	0	0	0	0
TCGA-73-4675	922	1	Stage IIIA	LUAD	1	0	0	0	0	0
TCGA-73-4676	281	1	Stage IIA	LUAD	0	0	0	0	0	1
TCGA-73-4677	38	1	[Discrepancy]	LUAD	NA	1	0	0	0	0
TCGA-73-7498	1189	0	Stage IA	LUAD	0	1	0	0	0	0
TCGA-73-7499	1531	1	Stage IB	LUAD	0	0	0	0	0	0
TCGA-73-A9RS	340	1	Stage IIB	LUAD	0	0	1	0	0	0
TCGA-75-5122	NA	1	Stage IB	LUAD	0	0	0	0	0	0
TCGA-75-5125	2027	1	Stage IIB	LUAD	0	0	0	0	0	0
TCGA-75-5126	NA	0	Stage IIIA	LUAD	1	1	0	0	0	0
TCGA-75-5146	2368	0	Stage IB	LUAD	0	0	1	0	0	0
TCGA-75-5147	1333	0	Stage IB	LUAD	0	0	0	0	0	0
TCGA-75-6203	NA	0	Stage IIIA	LUAD	1	0	0	0	0	0
TCGA-75-6205	NA	1	Stage IB	LUAD	0	0	0	0	0	0
TCGA-75-6206	2590	0	Stage IB	LUAD	0	1	0	0	0	0
TCGA-75-6207	NA	1	Stage IIIA	LUAD	1	0	0	1	0	0
TCGA-75-6211	NA	1	Stage IB	LUAD	0	0	0	0	0	0
TCGA-75-6212	1516	1	Stage IIB	LUAD	0	0	0	1	0	0
TCGA-75-6214	1115	1	Stage IIIA	LUAD	1	0	0	0	0	0
TCGA-75-7025	3305	0	Stage IB	LUAD	0	0	0	1	0	0
TCGA-75-7027	3059	0	Stage IB	LUAD	0	1	0	0	0	1
TCGA-75-7030	NA	0	Stage IIB	LUAD	0	1	0	0	0	0
TCGA-75-7031	NA	0	Stage IB	LUAD	0	0	0	0	0	0
TCGA-78-7143	4961	1	Stage IB	LUAD	0	0	0	0	0	1
TCGA-78-7145	826	1	Stage IV	LUAD	1	1	0	0	0	0
TCGA-78-7146	173	1	Stage IIIA	LUAD	1	0	0	0	0	0
TCGA-78-7147	586	1	Stage IIB	LUAD	0	0	0	1	0	0
TCGA-78-7148	626	1	Stage IIB	LUAD	0	1	0	0	0	1
TCGA-78-7149	3940	0	Stage IIIB	LUAD	1	0	0	0	0	0
TCGA-78-7150	666	1	Stage IIB	LUAD	0	0	0	0	0	0
TCGA-78-7152	1215	1	Stage IB	LUAD	0	0	0	0	0	0
TCGA-78-7153	3635	0	Stage IB	LUAD	0	0	1	0	0	0
TCGA-78-7154	593	1	Stage IIIA	LUAD	1	0	0	0	0	0
TCGA-78-7155	1171	1	Stage IB	LUAD	0	0	0	1	0	1
TCGA-78-7156	976	1	Stage IV	LUAD	1	0	0	0	0	0
TCGA-78-7158	179	1	Stage IIIB	LUAD	1	0	0	1	0	0
TCGA-78-7159	1974	0	Stage IA	LUAD	0	0	0	0	0	0
TCGA-78-7160	697	1	Stage IV	LUAD	1	1	0	0	0	1
TCGA-78-7161	291	1	Stage IIB	LUAD	0	1	0	0	0	0
TCGA-78-7162	3169	1	Stage IA	LUAD	0	0	0	0	0	0
TCGA-78-7163	7248	0	Stage IB	LUAD	0	0	0	0	0	0
TCGA-78-7166	258	1	Stage IIB	LUAD	0	1	0	0	0	0
TCGA-78-7167	2681	1	Stage IV	LUAD	1	1	0	0	0	0
TCGA-78-7220	807	1	Stage IIIA	LUAD	1	0	0	0	0	1
TCGA-78-7535	949	1	Stage IB	LUAD	0	0	0	0	0	0
TCGA-78-7536	244	1	Stage IIIA	LUAD	1	0	0	0	0	0
TCGA-78-7537	1622	1	Stage IB	LUAD	0	0	1	0	0	1
TCGA-78-7539	791	0	Stage IIA	LUAD	0	1	1	0	0	0
TCGA-78-7540	1197	1	Stage IB	LUAD	0	1	0	0	0	0
TCGA-78-7542	321	1	Stage IB	LUAD	0	0	0	0	0	0
TCGA-78-7633	1528	1	Stage IB	LUAD	0	0	1	0	0	0
TCGA-78-8640	7062	0	Stage IIA	LUAD	0	0	0	0	0	0
TCGA-78-8648	1209	1	Stage IIB	LUAD	0	0	0	0	0	1
TCGA-78-8655	2360	0	Stage IA	LUAD	0	1	0	0	0	0
TCGA-78-8660	321	1	Stage IIB	LUAD	0	0	1	0	0	0
TCGA-78-8662	3361	1	Stage IB	LUAD	0	0	1	0	0	0
TCGA-80-5607	NA	0	Stage IIB	LUAD	0	0	1	0	0	0
TCGA-80-5608	2832	0	Stage IA	LUAD	0	1	0	0	0	0
TCGA-80-5611	2595	0	Stage IB	LUAD	0	0	0	0	0	0
TCGA-83-5908	824	0	Stage IA	LUAD	0	1	0	0	0	1
TCGA-86-6562	376	1	Stage IIA	LUAD	0	0	0	0	0	1
TCGA-86-6851	179	0	Stage IIA	LUAD	0	0	0	0	0	0
TCGA-86-7701	947	0	Stage IV	LUAD	1	0	0	0	0	0
TCGA-86-7711	1046	1	Stage IIA	LUAD	0	0	0	0	0	0
TCGA-86-7713	1157	0	Stage IIA	LUAD	0	1	0	0	0	1
TCGA-86-7714	625	1	Stage IIIA	LUAD	1	0	1	0	0	0
TCGA-86-7953	997	0	Stage IA	LUAD	0	1	0	0	0	0
TCGA-86-7954	605	0	Stage IB	LUAD	0	0	0	0	0	0
TCGA-86-7955	1072	0	Stage IB	LUAD	0	0	0	0	0	0
TCGA-86-8054	1148	0	Stage IIB	LUAD	0	1	0	0	0	0
TCGA-86-8055	124	1	Stage IIA	LUAD	0	0	0	1	0	1
TCGA-86-8056	139	0	Stage IIIA	LUAD	1	1	0	0	0	1
TCGA-86-8073	740	0	Stage IB	LUAD	0	0	0	0	0	0
TCGA-86-8074	24	0	Stage IIA	LUAD	0	0	0	1	0	0
TCGA-86-8075	694	1	Stage IB	LUAD	0	0	0	1	0	1
TCGA-86-8076	993	0	Stage IA	LUAD	0	1	0	0	0	0
TCGA-86-8278	944	0	Stage IIB	LUAD	0	0	0	0	0	1
TCGA-86-8279	949	0	Stage IIA	LUAD	0	0	0	0	0	1
TCGA-86-8280	701	0	Stage IIA	LUAD	0	0	0	1	0	0
TCGA-86-8281	0	0	Stage IA	LUAD	0	0	0	0	0	0
TCGA-86-8358	653	0	Stage IB	LUAD	0	0	0	0	0	1
TCGA-86-8359	444	1	Stage IIIA	LUAD	1	1	0	0	0	0
TCGA-86-8585	353	0	Stage IB	LUAD	0	0	0	0	0	0
TCGA-86-8668	423	0	Stage IA	LUAD	0	0	0	1	0	0
TCGA-86-8669	938	0	Stage IA	LUAD	0	0	0	0	0	0
TCGA-86-8671	839	0	Stage IIB	LUAD	0	0	0	0	0	1
TCGA-86-8672	19	1	Stage IIB	LUAD	0	0	0	0	0	0
TCGA-86-8673	862	0	Stage IB	LUAD	0	0	0	0	0	1
TCGA-86-8674	806	0	Stage IIA	LUAD	0	1	0	0	0	0
TCGA-86-A456	896	0	Stage IA	LUAD	0	1	0	0	0	0
TCGA-86-A4D0	116	1	Stage IIA	LUAD	0	0	0	0	0	0
TCGA-86-A4JF	737	1	Stage IIB	LUAD	0	1	0	0	0	0
TCGA-86-A4P7	415	0	Stage IB	LUAD	0	0	0	1	0	0
TCGA-86-A4P8	805	0	Stage IIIA	LUAD	1	0	0	0	0	0
TCGA-91-6828	323	0	Stage IA	LUAD	0	1	0	0	0	1
TCGA-91-6829	1258	1	Stage IB	LUAD	0	0	0	0	0	0
TCGA-91-6830	60	0	Stage IIA	LUAD	0	0	0	0	0	0
TCGA-91-6831	310	0	Stage IB	LUAD	0	0	0	0	0	0
TCGA-91-6835	79	0	Stage IA	LUAD	0	0	0	1	0	0
TCGA-91-6836	417	0	Stage IB	LUAD	0	1	0	0	0	0
TCGA-91-6840	372	0	Stage IA	LUAD	0	0	0	0	0	0
TCGA-91-6847	842	0	Stage IB	LUAD	0	0	0	0	0	0
TCGA-91-6848	224	0	Stage IIIA	LUAD	1	0	0	0	0	0
TCGA-91-6849	35	0	Stage IIIA	LUAD	1	1	0	0	0	0
TCGA-91-7771	492	0	Stage IIB	LUAD	0	0	0	0	0	0
TCGA-91-8496	505	0	Stage IB	LUAD	0	0	0	1	0	0
TCGA-91-8497	434	1	Stage IA	LUAD	0	0	0	0	0	0
TCGA-91-8499	36	0	Stage IA	LUAD	0	0	0	0	0	0
TCGA-91-A4BC	44	0	Stage IIA	LUAD	0	0	0	0	0	0
TCGA-91-A4BD	603	0	Stage IIA	LUAD	0	0	1	0	0	1
TCGA-93-7347	683	0	Stage IA	LUAD	0	0	0	0	0	0
TCGA-93-7348	531	0	Stage IA	LUAD	0	0	0	0	0	0
TCGA-93-8067	186	0	Stage IB	LUAD	0	1	0	0	0	1
TCGA-93-A4JN	718	0	Stage IV	LUAD	1	0	0	0	0	0
TCGA-93-A4JO	33	1	Stage IA	LUAD	0	1	0	0	0	0
TCGA-93-A4JP	578	0	Stage IV	LUAD	1	0	0	1	0	0
TCGA-93-A4JQ	526	0	Stage IA	LUAD	0	0	0	0	0	0
TCGA-95-7039	1272	0	Stage IIB	LUAD	0	1	1	1	0	1
TCGA-95-7043	503	1	Stage IA	LUAD	0	0	0	0	0	0
TCGA-95-7562	87	1	Stage IIA	LUAD	0	1	0	0	0	0
TCGA-95-7567	568	0	Stage IIB	LUAD	0	1	0	0	0	1
TCGA-95-7944	377	0	Stage IA	LUAD	0	0	0	0	0	0
TCGA-95-7947	477	0	Stage IA	LUAD	0	0	0	1	0	0
TCGA-95-7948	476	0	Stage IB	LUAD	0	0	0	0	0	1
TCGA-95-8039	830	0	Stage IA	LUAD	0	0	0	0	0	0
TCGA-95-8494	84	0	Stage IIA	LUAD	0	0	0	0	0	0
TCGA-95-A4VK	651	0	Stage IIIA	LUAD	1	1	0	0	0	1
TCGA-95-A4VN	553	0	Stage IIA	LUAD	0	1	0	0	0	0
TCGA-95-A4VP	605	0	Stage IIIA	LUAD	1	1	0	0	0	0
TCGA-97-7546	1285	0	Stage IA	LUAD	0	0	0	0	0	0
TCGA-97-7547	1965	0	Stage IB	LUAD	0	0	0	0	0	0
TCGA-97-7552	1932	0	Stage IB	LUAD	0	0	0	0	0	0
TCGA-97-7553	1870	0	Stage IA	LUAD	0	0	0	0	0	0
TCGA-97-7554	775	0	Stage IIIA	LUAD	1	1	0	0	0	0
TCGA-97-7937	564	0	Stage IB	LUAD	0	0	0	0	0	1
TCGA-97-7938	18	1	Stage IA	LUAD	0	1	0	0	0	1
TCGA-97-7941	484	0	Stage IA	LUAD	0	1	0	0	0	0
TCGA-97-8171	568	0	Stage IV	LUAD	1	0	0	1	0	0
TCGA-97-8172	545	0	Stage IB	LUAD	0	0	0	0	0	0
TCGA-97-8174	164	1	Stage IIA	LUAD	0	0	0	0	0	1
TCGA-97-8175	551	0	Stage IB	LUAD	0	0	0	0	0	1
TCGA-97-8176	468	1	Stage IIIA	LUAD	1	1	0	0	0	0
TCGA-97-8177	499	0	Stage IB	LUAD	0	0	0	1	0	0
TCGA-97-8179	435	0	Stage IA	LUAD	0	1	0	0	0	0
TCGA-97-8547	657	0	Stage IIIA	LUAD	1	0	0	1	0	0
TCGA-97-8552	626	0	Stage I	LUAD	0	0	0	1	0	1
TCGA-97-A4LX	614	0	Stage IB	LUAD	0	0	0	0	0	1
TCGA-97-A4M0	652	0	Stage IB	LUAD	0	1	0	0	0	0
TCGA-97-A4M1	601	0	Stage IA	LUAD	0	0	0	1	0	1
TCGA-97-A4M2	624	0	Stage IA	LUAD	0	0	0	0	0	0
TCGA-97-A4M3	540	0	Stage IA	LUAD	0	0	0	0	0	0
TCGA-97-A4M5	634	0	Stage IA	LUAD	0	1	0	0	0	0
TCGA-97-A4M6	568	0	Stage IA	LUAD	0	0	0	1	0	0
TCGA-97-A4M7	629	0	Stage IA	LUAD	0	0	1	1	0	1
TCGA-99-7458	747	0	Stage IIIA	LUAD	1	0	0	0	0	0
TCGA-99-8025	1060	0	Stage IIIA	LUAD	1	1	0	0	0	0
TCGA-99-8028	1118	0	Stage IA	LUAD	0	1	0	0	0	0
TCGA-99-8032	44	0	Stage IA	LUAD	0	1	0	0	0	0
TCGA-99-8033	656	1	Stage IV	LUAD	1	1	0	0	0	0
TCGA-99-AA5R	658	0	Stage IA	LUAD	0	0	0	0	0	0
TCGA-J2-8192	739	0	Stage IIA	LUAD	0	0	0	1	0	1
TCGA-J2-8194	724	0	Stage IIB	LUAD	0	1	0	0	0	1
TCGA-J2-A4AD	550	1	Stage IA	LUAD	0	0	0	0	0	0
TCGA-J2-A4AE	1079	0	Stage IA	LUAD	0	0	0	0	0	0
TCGA-J2-A4AG	988	0	Stage IA	LUAD	0	1	0	0	0	0
TCGA-L4-A4E5	578	0	Stage I	LUAD	0	0	0	0	0	0
TCGA-L4-A4E6	435	0	Stage IA	LUAD	0	0	1	0	0	0
TCGA-L9-A443	193	1	Stage IA	LUAD	0	1	0	0	0	1
TCGA-L9-A444	307	0	Stage IA	LUAD	0	0	0	0	0	0
TCGA-L9-A50W	442	1	Stage IIA	LUAD	0	0	0	1	0	0
TCGA-L9-A5IP	58	1	Stage IV	LUAD	1	0	0	0	0	0
TCGA-L9-A743	664	0	Stage IIA	LUAD	0	0	0	0	0	0
TCGA-L9-A7SV	565	0	Stage IIA	LUAD	0	0	0	0	0	1
TCGA-L9-A8F4	476	0	Stage IB	LUAD	0	0	0	0	0	1
TCGA-MN-A4N1	827	0	Stage IIA	LUAD	0	0	1	0	0	0
TCGA-MN-A4N4	1175	0	Stage IA	LUAD	0	0	0	0	0	1
TCGA-MN-A4N5	84	0	Stage IA	LUAD	0	1	0	0	0	1
TCGA-MP-A4SV	2620	1	Stage IB	LUAD	0	0	0	0	0	0
TCGA-MP-A4SW	1778	1	Stage IIB	LUAD	0	0	0	1	0	0
TCGA-MP-A4SY	1501	1	Stage IIB	LUAD	0	1	0	0	0	1
TCGA-MP-A4T2	1136	1	Stage IA	LUAD	0	0	0	0	0	0
TCGA-MP-A4T4	2617	1	Stage IIB	LUAD	0	1	0	0	0	0
TCGA-MP-A4T6	1790	1	Stage IIIA	LUAD	1	0	0	1	0	0
TCGA-MP-A4T7	167	1	Stage IV	LUAD	1	1	0	0	0	0
TCGA-MP-A4T8	161	1	Stage IIIA	LUAD	1	1	0	0	0	0
TCGA-MP-A4T9	1265	1	Stage IIIA	LUAD	1	0	0	1	0	1
TCGA-MP-A4TA	950	1	Stage IA	LUAD	0	0	0	0	0	0
TCGA-MP-A4TC	74	1	Stage IIIA	LUAD	1	0	0	0	0	0
TCGA-MP-A4TD	307	1	Stage IIIA	LUAD	1	1	0	0	0	0
TCGA-MP-A4TE	896	1	Stage IIA	LUAD	0	1	0	0	0	0
TCGA-MP-A4TF	336	1	Stage IIA	LUAD	0	1	0	0	0	0
TCGA-MP-A4TH	741	0	Stage IA	LUAD	0	0	0	0	0	0
TCGA-MP-A4TI	429	1	Stage IIA	LUAD	0	1	0	0	0	0
TCGA-MP-A4TJ	339	1	Stage IA	LUAD	0	0	0	0	0	0
TCGA-MP-A4TK	582	1	Stage IIB	LUAD	0	0	0	0	0	0
TCGA-MP-A5C7	2248	0	Stage IB	LUAD	0	0	0	0	0	0
TCGA-NJ-A4YF	2161	0	Stage IA	LUAD	0	0	0	0	0	0
TCGA-NJ-A4YG	2261	0	Stage IB	LUAD	0	1	0	0	0	0
TCGA-NJ-A4YI	4	1	Stage IIIA	LUAD	1	1	0	0	0	1
TCGA-NJ-A4YP	50	0	Stage IB	LUAD	0	1	0	0	0	0
TCGA-NJ-A4YQ	1432	0	Stage IA	LUAD	0	0	0	0	0	0
TCGA-NJ-A55A	15	0	Stage IB	LUAD	0	0	0	0	0	1
TCGA-NJ-A55O	13	0	Stage IIA	LUAD	0	1	0	0	0	0
TCGA-NJ-A55R	603	0	Stage IA	LUAD	0	1	0	0	0	0
TCGA-NJ-A7XG	617	0	Stage IIIA	LUAD	1	0	0	0	0	0
TCGA-O1-A52J	1798	1	Stage IA	LUAD	0	0	0	1	0	0
TCGA-S2-AA1A	513	0	Stage IA	LUAD	0	0	0	0	0	0
TCGA-18-3406	371	1	Stage IA	LUSC	0	0	0	0	1	0
TCGA-18-3407	136	1	Stage IB	LUSC	0	0	0	0	1	0
TCGA-18-3408	2304	1	Stage IB	LUSC	0	0	0	0	1	1
TCGA-18-3409	3747	0	Stage IA	LUSC	0	0	0	0	1	0
TCGA-18-3410	146	1	Stage IIB	LUSC	0	0	0	0	1	0
TCGA-18-3411	3576	0	Stage IIIA	LUSC	1	0	0	0	1	0
TCGA-18-3412	345	1	Stage IB	LUSC	0	0	0	0	1	0
TCGA-18-3414	716	1	Stage IV	LUSC	1	0	0	0	1	0
TCGA-18-3415	2803	1	Stage IB	LUSC	0	0	0	0	1	0
TCGA-18-3416	973	1	Stage IIB	LUSC	0	0	0	0	1	0
TCGA-18-3417	1097	1	Stage IV	LUSC	1	0	0	1	1	1
TCGA-18-3419	2811	0	Stage IIB	LUSC	0	0	0	0	1	0
TCGA-18-3421	2645	0	Stage IB	LUSC	0	0	0	0	1	0
TCGA-18-4083	188	1	Stage IIB	LUSC	0	0	0	0	1	1
TCGA-18-4086	85	1	Stage IB	LUSC	0	0	0	0	1	1
TCGA-18-4721	4694	0	Stage IA	LUSC	0	0	0	0	1	0
TCGA-18-5592	1519	0	Stage IIB	LUSC	0	0	0	0	1	0
TCGA-18-5595	827	1	Stage IB	LUSC	0	0	0	0	1	1
TCGA-21-1070	3636	0	Stage IIIA	LUSC	1	0	0	0	1	0
TCGA-21-1071	1426	1	Stage IB	LUSC	0	0	0	0	1	0
TCGA-21-1072	3016	0	Stage IB	LUSC	0	0	0	0	1	0
TCGA-21-1075	2134	0	Stage IIB	LUSC	0	0	0	0	1	0
TCGA-21-1076	1852	0	Stage IB	LUSC	0	0	0	0	1	0
TCGA-21-1077	1058	1	Stage IIB	LUSC	0	0	0	0	1	1
TCGA-21-1078	474	1	Stage IB	LUSC	0	1	0	0	1	1
TCGA-21-1079	965	1	Stage IIIA	LUSC	1	0	0	0	1	0
TCGA-21-1080	3724	0	Stage IB	LUSC	0	0	0	0	1	0
TCGA-21-1081	284	1	Stage IIB	LUSC	0	0	0	0	1	0
TCGA-21-1082	3644	0	Stage IB	LUSC	0	0	0	0	1	0
TCGA-21-1083	1315	1	Stage IA	LUSC	0	0	0	0	1	0
TCGA-21-5782	962	1	Stage IB	LUSC	0	0	0	0	1	0
TCGA-21-5783	2680	1	Stage IB	LUSC	0	1	0	0	1	1
TCGA-21-5784	1268	0	Stage IB	LUSC	0	0	0	0	1	0
TCGA-21-5786	1032	0	Stage IB	LUSC	0	0	0	0	1	0
TCGA-21-5787	329	1	Stage IIIA	LUSC	1	0	1	0	1	0
TCGA-21-A5DI	979	0	Stage IA	LUSC	0	0	0	0	1	1
TCGA-22-0940	669	1	Stage IIA	LUSC	0	0	0	0	1	1
TCGA-22-0944	223	1	Stage IB	LUSC	0	0	0	0	1	0
TCGA-22-1000	454	1	Stage IB	LUSC	0	0	0	0	1	0
TCGA-22-1002	131	1	Stage IA	LUSC	0	0	0	0	1	0
TCGA-22-1005	1953	1	Stage IA	LUSC	0	0	0	0	1	1
TCGA-22-1011	53	1	Stage IB	LUSC	0	0	0	0	1	0
TCGA-22-1012	429	1	Stage IB	LUSC	0	0	0	0	1	0
TCGA-22-1016	822	1	Stage IB	LUSC	0	0	0	0	1	0
TCGA-22-1017	1485	1	Stage IA	LUSC	0	0	0	0	1	0
TCGA-22-4591	623	1	Stage IIIA	LUSC	1	0	0	0	1	1
TCGA-22-4593	1067	1	Stage IIA	LUSC	0	0	0	0	1	0
TCGA-22-4594	1470	1	Stage IIIA	LUSC	1	0	0	0	1	0
TCGA-22-4595	734	1	Stage IIIA	LUSC	1	0	0	0	1	0
TCGA-22-4596	17	1	Stage IB	LUSC	0	0	0	0	1	1
TCGA-22-4599	1161	1	Stage IB	LUSC	0	0	0	0	1	0
TCGA-22-4601	1057	1	Stage IIIA	LUSC	1	0	0	1	1	0
TCGA-22-4604	399	1	Stage IIA	LUSC	0	0	0	0	1	1
TCGA-22-4605	974	1	Stage IB	LUSC	0	0	0	0	1	0
TCGA-22-4607	587	1	Stage IB	LUSC	0	0	0	0	1	0
TCGA-22-4609	291	1	Stage IA	LUSC	0	0	0	1	1	0
TCGA-22-4613	358	1	Stage IA	LUSC	0	0	0	0	1	0
TCGA-22-5471	1845	0	Stage IB	LUSC	0	0	0	0	1	0
TCGA-22-5472	1975	1	Stage IB	LUSC	0	0	0	0	1	0
TCGA-22-5473	1933	1	[Discrepancy]	LUSC	NA	0	0	0	1	0
TCGA-22-5474	445	1	Stage IB	LUSC	0	0	0	0	1	0
TCGA-22-5477	1346	1	Stage IA	LUSC	0	0	0	0	1	0
TCGA-22-5478	24	1	Stage IB	LUSC	0	0	0	0	1	1
TCGA-22-5479	2625	1	Stage IB	LUSC	0	0	0	0	1	0
TCGA-22-5480	2170	1	Stage IA	LUSC	0	0	0	0	1	0
TCGA-22-5481	2409	1	Stage IIB	LUSC	0	0	0	0	1	1
TCGA-22-5482	357	1	Stage IB	LUSC	0	0	0	0	1	0
TCGA-22-5483	573	1	Stage IIA	LUSC	0	0	0	0	1	0
TCGA-22-5485	916	1	Stage IA	LUSC	0	0	0	0	1	0
TCGA-22-5489	1912	1	Stage IA	LUSC	0	0	0	0	1	0
TCGA-22-5491	1713	1	Stage IA	LUSC	0	0	0	0	1	1
TCGA-22-5492	506	1	Stage IIIA	LUSC	1	0	0	0	1	0
TCGA-22-A5C4	671	0	Stage IIA	LUSC	0	0	0	0	1	0
TCGA-33-4532	3924	1	Stage IB	LUSC	0	0	0	0	1	0
TCGA-33-4533	4068	0	Stage IB	LUSC	0	0	0	0	1	0
TCGA-33-4538	2979	1	Stage IIIA	LUSC	1	0	0	0	1	0
TCGA-33-4547	2419	0	Stage IB	LUSC	0	0	0	0	1	0
TCGA-33-4566	5287	1	Stage IB	LUSC	0	0	0	1	1	0
TCGA-33-4582	3149	1	Stage IA	LUSC	0	0	0	0	1	0
TCGA-33-4583	4601	1	Stage IA	LUSC	0	0	0	0	1	0
TCGA-33-4586	428	1	Stage IIIA	LUSC	1	0	0	0	1	0
TCGA-33-4587	1656	1	Stage IB	LUSC	0	0	0	0	1	1
TCGA-33-4589	47	1	Stage IIB	LUSC	0	0	0	0	1	0
TCGA-33-6737	601	1	Stage IIIA	LUSC	1	0	1	0	1	0
TCGA-33-6738	1927	0	Stage IIIA	LUSC	1	0	0	0	1	0
TCGA-33-A4WN	143	1	Stage IB	LUSC	0	0	0	0	1	0
TCGA-33-A5GW	9	1	Stage IIA	LUSC	0	0	0	0	1	0
TCGA-33-AAS8	1114	1	Stage IA	LUSC	0	0	0	0	1	0
TCGA-33-AASB	211	1	Stage IB	LUSC	0	0	0	0	1	1
TCGA-33-AASD	3376	1	Stage IA	LUSC	0	0	0	0	1	0
TCGA-33-AASI	1344	1	Stage IIB	LUSC	0	0	0	0	1	0
TCGA-33-AASJ	3600	1	Stage IB	LUSC	0	0	0	0	1	0
TCGA-33-AASL	826	1	Stage IA	LUSC	0	0	0	0	1	0
TCGA-34-2596	80	1	Stage IIB	LUSC	0	0	1	0	1	0
TCGA-34-2600	1874	1	Stage IA	LUSC	0	0	0	0	1	0
TCGA-34-2604	958	1	Stage IB	LUSC	0	0	0	0	1	1
TCGA-34-2605	881	1	Stage IIIB	LUSC	1	0	0	0	1	0
TCGA-34-2608	1000	1	Stage IB	LUSC	0	0	0	0	1	0
TCGA-34-2609	951	1	Stage IIB	LUSC	0	0	0	0	1	1
TCGA-34-5231	1984	1	Stage IA	LUSC	0	0	1	0	1	0
TCGA-34-5232	2471	0	Stage IIA	LUSC	0	0	0	0	1	1
TCGA-34-5234	2271	0	Stage IA	LUSC	0	0	0	0	1	0
TCGA-34-5236	276	1	Stage IIB	LUSC	0	0	0	0	1	1
TCGA-34-5239	1834	0	Stage IIIA	LUSC	1	0	0	0	1	0
TCGA-34-5240	1541	0	Stage IIB	LUSC	0	0	0	0	1	0
TCGA-34-5241	515	1	Stage IB	LUSC	0	0	0	0	1	0
TCGA-34-5927	1361	0	Stage IA	LUSC	0	0	0	0	1	0
TCGA-34-5928	1196	0	Stage IIB	LUSC	0	0	0	0	1	0
TCGA-34-5929	151	1	Stage IB	LUSC	0	0	0	0	1	0
TCGA-34-7107	34	1	Stage II	LUSC	0	0	0	0	1	0
TCGA-34-8454	1180	0	Stage IIIA	LUSC	1	0	0	0	1	0
TCGA-34-8455	123	1	Stage IV	LUSC	1	0	0	0	1	0
TCGA-34-8456	804	0	Stage IIA	LUSC	0	0	0	0	1	0
TCGA-34-A5IX	1031	0	Stage IIB	LUSC	0	0	0	0	1	0
TCGA-37-3783	122	0	Stage IIIA	LUSC	1	0	1	0	1	0
TCGA-37-3789	13	0	Stage IB	LUSC	0	0	0	0	1	1
TCGA-37-3792	12	0	Stage IB	LUSC	0	0	0	0	1	1
TCGA-37-4129	242	0	Stage IA	LUSC	0	0	0	0	1	0
TCGA-37-4130	247	0	Stage IA	LUSC	0	0	0	0	1	0
TCGA-37-4132	227	0	Stage IV	LUSC	1	0	0	0	1	0
TCGA-37-4133	238	0	Stage IIIA	LUSC	1	0	0	0	1	0
TCGA-37-4135	207	0	Stage IB	LUSC	0	0	0	0	1	0
TCGA-37-4141	12	0	Stage IA	LUSC	0	0	1	0	1	1
TCGA-37-5819	103	0	Stage IIIA	LUSC	1	0	0	0	1	0
TCGA-37-A5EL	1143	1	Stage IIB	LUSC	0	0	0	0	1	1
TCGA-37-A5EM	867	0	Stage II	LUSC	0	0	0	0	1	1
TCGA-37-A5EN	660	0	Stage IIIB	LUSC	1	0	0	0	1	0
TCGA-39-5011	4053	0	Stage IA	LUSC	0	0	0	0	1	0
TCGA-39-5016	3850	0	Stage IIA	LUSC	0	0	0	0	1	0
TCGA-39-5019	3387	0	Stage IB	LUSC	0	0	0	0	1	0
TCGA-39-5021	2086	1	Stage IB	LUSC	0	0	0	0	1	0
TCGA-39-5022	1679	1	Stage IB	LUSC	0	0	0	0	1	0
TCGA-39-5024	2510	0	Stage IIIA	LUSC	1	0	0	0	1	0
TCGA-39-5027	3108	0	Stage IB	LUSC	0	0	0	0	1	0
TCGA-39-5028	52	1	Stage IIIA	LUSC	1	0	0	0	1	1
TCGA-39-5029	740	1	Stage IIIA	LUSC	1	0	0	0	1	1
TCGA-39-5030	59	1	Stage IIIA	LUSC	1	0	0	0	1	0
TCGA-39-5031	1841	1	Stage IA	LUSC	0	0	1	0	1	0
TCGA-39-5034	1107	1	Stage IIB	LUSC	0	0	0	0	1	0
TCGA-39-5035	2080	0	Stage IA	LUSC	0	0	0	0	1	0
TCGA-39-5036	2165	0	Stage IB	LUSC	0	0	0	0	1	0
TCGA-39-5037	1690	0	Stage IIA	LUSC	0	0	0	0	1	1
TCGA-39-5039	544	1	Stage IIA	LUSC	0	0	0	0	1	0
TCGA-39-5040	519	1	Stage IIIA	LUSC	1	0	0	0	1	0
TCGA-43-2576	1223	0	Stage IIIA	LUSC	1	0	0	0	1	0
TCGA-43-2578	684	1	Stage IA	LUSC	0	0	0	0	1	0
TCGA-43-2581	1176	0	Stage IIIA	LUSC	1	1	0	0	1	1
TCGA-43-3394	1190	1	Stage IB	LUSC	0	0	0	0	1	0
TCGA-43-3920	1007	0	Stage IB	LUSC	0	0	0	0	1	0
TCGA-43-5668	559	1	Stage IIA	LUSC	0	0	0	0	1	0
TCGA-43-5670	849	0	Stage IIA	LUSC	0	0	0	0	1	0
TCGA-43-6143	699	0	Stage IB	LUSC	0	0	0	0	1	0
TCGA-43-6647	757	0	Stage IIB	LUSC	0	0	0	0	1	0
TCGA-43-6770	653	0	Stage IB	LUSC	0	0	0	0	1	0
TCGA-43-6771	166	1	Stage IB	LUSC	0	0	0	0	1	0
TCGA-43-6773	116	1	Stage IIB	LUSC	0	0	0	0	1	0
TCGA-43-7656	596	0	Stage IA	LUSC	0	0	0	0	1	1
TCGA-43-7657	236	0	Stage IA	LUSC	0	0	0	0	1	0
TCGA-43-7658	2378	1	Stage IA	LUSC	0	0	0	0	1	0
TCGA-43-8115	407	0	Stage IIA	LUSC	0	0	0	0	1	0
TCGA-43-8116	358	0	Stage IA	LUSC	0	0	0	0	1	0
TCGA-43-8118	89	1	Stage IA	LUSC	0	0	0	0	1	1
TCGA-43-A474	353	0	Stage IIA	LUSC	0	0	0	0	1	0
TCGA-43-A475	296	0	Stage IIB	LUSC	0	0	1	0	1	0
TCGA-43-A56U	432	0	Stage IA	LUSC	0	0	0	1	1	0
TCGA-43-A56V	366	0	Stage IIIA	LUSC	1	0	0	0	1	0
TCGA-46-3765	405	0	Stage IA	LUSC	0	0	0	0	1	0
TCGA-46-3766	370	0	Stage IA	LUSC	0	0	0	0	1	1
TCGA-46-3767	396	0	Stage IA	LUSC	0	0	0	0	1	0
TCGA-46-3768	299	1	Stage IIIA	LUSC	1	0	0	0	1	1
TCGA-46-3769	135	0	[Discrepancy]	LUSC	NA	0	0	1	1	0
TCGA-46-6025	324	0	Stage IIB	LUSC	0	0	0	0	1	0
TCGA-46-6026	423	0	Stage IIB	LUSC	0	0	0	0	1	0
TCGA-51-4079	12	1	Stage IB	LUSC	0	0	0	0	1	0
TCGA-51-4080	12	1	Stage IIIB	LUSC	1	0	0	0	1	0
TCGA-51-4081	911	0	Stage IIB	LUSC	0	0	0	0	1	0
TCGA-51-6867	1856	1	Stage I	LUSC	0	0	0	0	1	1
TCGA-52-7622	862	0	Stage IA	LUSC	0	0	0	0	1	0
TCGA-52-7809	166	1	Stage IB	LUSC	0	0	0	0	1	0
TCGA-52-7810	923	0	Stage IIB	LUSC	0	0	0	0	1	0
TCGA-52-7811	266	1	Stage IB	LUSC	0	0	0	0	1	0
TCGA-52-7812	835	1	[Discrepancy]	LUSC	NA	1	0	0	1	0
TCGA-56-1622	881	1	Stage IB	LUSC	0	0	0	0	1	0
TCGA-56-5897	378	0	Stage IA	LUSC	0	0	0	0	1	0
TCGA-56-5898	555	0	Stage IA	LUSC	0	0	0	0	1	1
TCGA-56-6545	666	0	Stage IB	LUSC	0	0	0	0	1	0
TCGA-56-6546	NA	0	Stage IIA	LUSC	0	0	0	0	1	0
TCGA-56-7221	608	0	Stage IB	LUSC	0	0	0	0	1	0
TCGA-56-7222	562	1	Stage IB	LUSC	0	0	0	1	1	0
TCGA-56-7223	442	1	Stage IIIA	LUSC	1	0	0	0	1	0
TCGA-56-7579	951	1	Stage IIIA	LUSC	1	0	0	0	1	0
TCGA-56-7580	925	0	Stage IB	LUSC	0	0	0	0	1	1
TCGA-56-7582	601	0	Stage IB	LUSC	0	0	0	0	1	0
TCGA-56-7730	198	1	Stage IIA	LUSC	0	0	0	0	1	0
TCGA-56-7731	3	1	Stage IB	LUSC	0	0	0	0	1	0
TCGA-56-7822	532	1	Stage IIB	LUSC	0	0	0	0	1	1
TCGA-56-7823	1011	0	Stage IIA	LUSC	0	0	0	0	1	1
TCGA-56-8082	455	0	Stage IIA	LUSC	0	0	0	0	1	0
TCGA-56-8083	150	0	Stage IB	LUSC	0	0	0	0	1	0
TCGA-56-8201	397	1	Stage IIB	LUSC	0	0	0	0	1	1
TCGA-56-8304	106	0	Stage IA	LUSC	0	0	0	1	1	0
TCGA-56-8305	105	0	Stage IB	LUSC	0	0	0	0	1	0
TCGA-56-8307	818	0	Stage IIB	LUSC	0	0	0	0	1	0
TCGA-56-8308	517	0	Stage IIB	LUSC	0	0	1	0	1	0
TCGA-56-8309	428	0	Stage IA	LUSC	0	0	0	0	1	0
TCGA-56-8503	41	0	Stage IIB	LUSC	0	0	0	0	1	0
TCGA-56-8504	510	0	Stage IB	LUSC	0	0	0	0	1	0
TCGA-56-8622	55	0	Stage IB	LUSC	0	0	0	0	1	0
TCGA-56-8623	692	1	Stage IB	LUSC	0	0	0	0	1	1
TCGA-56-8624	420	0	Stage IIB	LUSC	0	0	0	0	1	0
TCGA-56-8625	315	1	Stage IIIA	LUSC	1	0	0	0	1	0
TCGA-56-8626	302	1	Stage IA	LUSC	0	0	0	0	1	0
TCGA-56-8628	616	0	Stage IA	LUSC	0	0	0	0	1	1
TCGA-56-8629	481	0	Stage IIA	LUSC	0	0	0	0	1	0
TCGA-56-A49D	637	0	Stage IIIA	LUSC	1	0	0	0	1	0
TCGA-56-A4BW	585	0	Stage IIA	LUSC	0	0	0	0	1	0
TCGA-56-A4BX	405	0	Stage IIA	LUSC	0	0	0	0	1	0
TCGA-56-A4BY	543	1	Stage IB	LUSC	0	0	0	0	1	1
TCGA-56-A4ZJ	640	0	Stage IA	LUSC	0	0	0	0	1	1
TCGA-56-A4ZK	570	0	Stage IB	LUSC	0	0	0	0	1	0
TCGA-56-A5DR	4	0	Stage IA	LUSC	0	0	0	0	1	0
TCGA-56-A5DS	8	0	Stage IB	LUSC	0	0	0	0	1	0
TCGA-56-A62T	440	0	Stage IIA	LUSC	0	0	0	0	1	0
TCGA-58-8386	1	1	Stage IV	LUSC	1	0	0	0	1	1
TCGA-58-8387	403	1	Stage IIA	LUSC	0	0	0	0	1	0
TCGA-58-8388	412	1	Stage IB	LUSC	0	0	0	0	1	0
TCGA-58-8390	911	0	Stage IIA	LUSC	0	0	0	0	1	0
TCGA-58-8391	2167	0	Stage IIIA	LUSC	1	0	0	0	1	1
TCGA-58-8392	501	1	Stage IB	LUSC	0	0	0	0	1	0
TCGA-58-8393	1058	0	Stage IB	LUSC	0	0	0	0	1	0
TCGA-58-A46J	2589	0	Stage IIB	LUSC	0	0	0	0	1	0
TCGA-58-A46K	1045	1	Stage IIIA	LUSC	1	0	0	0	1	0
TCGA-58-A46L	1723	0	Stage IIIA	LUSC	1	0	0	0	1	1
TCGA-58-A46M	1072	0	Stage IIB	LUSC	0	0	0	0	1	0
TCGA-58-A46N	910	0	Stage IB	LUSC	0	0	0	0	1	1
TCGA-60-2695	642	0	Stage IB	LUSC	0	0	0	0	1	0
TCGA-60-2696	109	1	Stage IIA	LUSC	0	0	0	0	1	1
TCGA-60-2697	372	1	Stage IIA	LUSC	0	0	0	0	1	0
TCGA-60-2698	311	1	Stage IIB	LUSC	0	0	0	1	1	0
TCGA-60-2703	2945	1	Stage IIB	LUSC	0	0	0	0	1	0
TCGA-60-2704	1154	1	Stage IIB	LUSC	0	0	0	0	1	1
TCGA-60-2706	2820	0	Stage IA	LUSC	0	0	0	0	1	0
TCGA-60-2707	667	1	Stage IB	LUSC	0	0	0	0	1	1
TCGA-60-2708	2447	0	Stage IIB	LUSC	0	0	0	0	1	1
TCGA-60-2709	1505	0	Stage IB	LUSC	0	0	0	0	1	1
TCGA-60-2710	2024	0	Stage IIA	LUSC	0	0	0	0	1	0
TCGA-60-2711	1260	0	Stage IB	LUSC	0	0	0	0	1	0
TCGA-60-2712	274	1	Stage IIB	LUSC	0	0	0	0	1	0
TCGA-60-2713	1731	0	Stage IB	LUSC	0	0	0	0	1	0
TCGA-60-2714	1531	0	Stage IIB	LUSC	0	0	0	0	1	0
TCGA-60-2715	1075	1	Stage IA	LUSC	0	0	0	0	1	0
TCGA-60-2716	1475	0	Stage IIB	LUSC	0	0	0	0	1	1
TCGA-60-2719	1297	0	Stage IB	LUSC	0	0	0	0	1	0
TCGA-60-2720	97	0	Stage IB	LUSC	0	0	0	0	1	0
TCGA-60-2721	983	0	Stage IB	LUSC	0	0	0	0	1	0
TCGA-60-2722	908	0	Stage IIB	LUSC	0	0	0	0	1	1
TCGA-60-2723	1092	0	Stage IB	LUSC	0	0	0	0	1	0
TCGA-60-2724	717	0	Stage IIIA	LUSC	1	0	0	0	1	1
TCGA-60-2725	816	0	Stage IB	LUSC	0	0	0	0	1	0
TCGA-60-2726	358	1	Stage IIA	LUSC	0	0	0	0	1	0
TCGA-63-5128	NA	1	Stage IB	LUSC	0	0	1	0	1	0
TCGA-63-5131	NA	1	Stage IIB	LUSC	0	0	0	0	1	0
TCGA-63-6202	1602	0	Stage IIA	LUSC	0	1	0	0	1	0
TCGA-63-7020	2133	0	Stage IA	LUSC	0	0	0	0	1	0
TCGA-63-7021	2142	0	Stage IA	LUSC	0	0	0	0	1	1
TCGA-63-7022	2073	0	Stage IA	LUSC	0	0	0	0	1	0
TCGA-63-7023	1682	0	Stage IIA	LUSC	0	0	0	0	1	0
TCGA-63-A5M9	0	0	Stage IIB	LUSC	0	0	0	0	1	0
TCGA-63-A5MB	3123	0	Stage IB	LUSC	0	0	0	0	1	1
TCGA-63-A5MG	2148	0	Stage IB	LUSC	0	0	0	0	1	1
TCGA-63-A5MH	2026	0	Stage IA	LUSC	0	0	0	0	1	1
TCGA-63-A5MI	1784	0	Stage IIIA	LUSC	1	0	0	0	1	0
TCGA-63-A5MJ	1824	0	Stage IIB	LUSC	0	0	0	0	1	0
TCGA-63-A5ML	1386	0	Stage IB	LUSC	0	0	0	0	1	0
TCGA-63-A5MM	456	1	Stage IIB	LUSC	0	0	0	0	1	0
TCGA-63-A5MN	345	1	Stage IIB	LUSC	0	0	0	0	1	1
TCGA-63-A5MP	769	0	Stage IIB	LUSC	0	0	0	0	1	0
TCGA-63-A5MR	2716	0	Stage IB	LUSC	0	0	0	0	1	0
TCGA-63-A5MS	2381	0	Stage IB	LUSC	0	0	0	0	1	0
TCGA-63-A5MT	498	0	Stage IIB	LUSC	0	0	0	0	1	0
TCGA-63-A5MU	NA	1	Stage IIB	LUSC	0	0	0	0	1	1
TCGA-63-A5MV	1100	0	Stage IIA	LUSC	0	0	0	0	1	0
TCGA-63-A5MW	1639	0	Stage IB	LUSC	0	0	0	0	1	0
TCGA-63-A5MY	1052	0	Stage IA	LUSC	0	0	0	0	1	0
TCGA-66-2727	516	1	Stage IB	LUSC	0	0	0	0	1	0
TCGA-66-2734	1311	0	Stage IB	LUSC	0	0	0	0	1	0
TCGA-66-2737	61	0	Stage IIB	LUSC	0	0	0	0	1	0
TCGA-66-2742	641	0	Stage IV	LUSC	1	0	0	1	1	0
TCGA-66-2744	30	0	Stage IIB	LUSC	0	0	0	0	1	1
TCGA-66-2753	31	0	Stage IB	LUSC	0	0	0	0	1	0
TCGA-66-2754	61	0	Stage IIIA	LUSC	1	0	1	0	1	0
TCGA-66-2755	28	0	Stage IB	LUSC	0	0	0	0	1	0
TCGA-66-2756	30	0	Stage IIIB	LUSC	1	0	0	0	1	0
TCGA-66-2757	1338	1	Stage IA	LUSC	0	0	0	0	1	0
TCGA-66-2758	639	0	Stage IB	LUSC	0	0	0	0	1	0
TCGA-66-2759	762	0	Stage IIIA	LUSC	1	0	0	0	1	0
TCGA-66-2763	30	0	Stage IB	LUSC	0	0	0	1	1	0
TCGA-66-2765	61	0	Stage IB	LUSC	0	0	0	0	1	1
TCGA-66-2766	31	0	Stage IIIA	LUSC	1	0	0	0	1	0
TCGA-66-2767	61	0	Stage IIIB	LUSC	1	0	0	0	1	0
TCGA-66-2768	61	0	Stage IIB	LUSC	0	0	0	0	1	0
TCGA-66-2769	215	1	Stage IIIB	LUSC	1	1	0	0	1	0
TCGA-66-2770	700	0	Stage IB	LUSC	0	0	0	0	1	0
TCGA-66-2771	578	0	Stage IIB	LUSC	0	0	0	0	1	0
TCGA-66-2773	92	1	Stage IB	LUSC	0	0	0	0	1	1
TCGA-66-2777	61	0	Stage IB	LUSC	0	0	0	0	1	1
TCGA-66-2778	578	0	Stage IIIB	LUSC	1	0	0	0	1	0
TCGA-66-2780	366	1	Stage IB	LUSC	0	0	0	0	1	0
TCGA-66-2781	121	0	Stage IB	LUSC	0	0	0	0	1	0
TCGA-66-2782	365	1	Stage IIB	LUSC	0	0	0	0	1	0
TCGA-66-2783	759	0	Stage IIIB	LUSC	1	0	0	0	1	0
TCGA-66-2785	60	0	Stage IB	LUSC	0	0	0	0	1	0
TCGA-66-2786	790	0	Stage IA	LUSC	0	0	0	0	1	0
TCGA-66-2787	1217	0	Stage IA	LUSC	0	0	0	0	1	0
TCGA-66-2788	699	0	Stage IB	LUSC	0	0	0	0	1	0
TCGA-66-2789	123	1	Stage IIIB	LUSC	1	0	0	1	1	1
TCGA-66-2790	699	0	Stage IIB	LUSC	0	0	0	0	1	0
TCGA-66-2791	153	1	Stage IIIB	LUSC	1	0	0	0	1	0
TCGA-66-2792	913	0	Stage IIB	LUSC	0	0	0	0	1	0
TCGA-66-2793	306	1	Stage IIIB	LUSC	1	0	0	0	1	0
TCGA-66-2794	1645	0	Stage IIIB	LUSC	1	0	0	0	1	1
TCGA-66-2795	122	0	Stage IIIB	LUSC	1	0	0	0	1	1
TCGA-66-2800	1492	0	Stage IIIB	LUSC	1	0	0	0	1	0
TCGA-68-7755	83	0	Stage IIA	LUSC	0	0	1	0	1	0
TCGA-68-7756	202	0	Stage IIIA	LUSC	1	0	0	0	1	0
TCGA-68-7757	211	0	Stage IA	LUSC	0	0	0	0	1	1
TCGA-68-8250	244	0	Stage IA	LUSC	0	0	0	0	1	0
TCGA-68-8251	406	0	Stage IB	LUSC	0	0	0	0	1	0
TCGA-68-A59I	492	0	Stage IIIA	LUSC	1	0	0	0	1	0
TCGA-68-A59J	448	0	Stage IB	LUSC	0	0	1	0	1	0
TCGA-6A-AB49	NA	1	Stage IB	LUSC	0	0	0	0	1	0
TCGA-70-6722	367	0	Stage IIIA	LUSC	1	0	0	1	1	1
TCGA-70-6723	375	0	Stage IIA	LUSC	0	0	0	0	1	0
TCGA-77-6842	899	1	Stage IIB	LUSC	0	0	0	0	1	1
TCGA-77-6843	2224	1	Stage IIA	LUSC	0	0	0	0	1	1
TCGA-77-6844	2284	1	Stage IIIA	LUSC	1	0	0	0	1	0
TCGA-77-6845	708	1	Stage IIB	LUSC	0	0	0	0	1	0
TCGA-77-7138	340	1	Stage IB	LUSC	0	0	0	0	1	1
TCGA-77-7139	4261	0	Stage IIB	LUSC	0	0	0	0	1	1
TCGA-77-7140	632	1	Stage IIB	LUSC	0	0	0	0	1	1
TCGA-77-7141	15	0	Stage IB	LUSC	0	0	0	0	1	0
TCGA-77-7142	2227	0	Stage IB	LUSC	0	0	0	0	1	0
TCGA-77-7335	2133	1	Stage IIIB	LUSC	1	0	0	0	1	1
TCGA-77-7337	3253	1	Stage IIB	LUSC	0	0	0	0	1	1
TCGA-77-7338	5	1	Stage IB	LUSC	0	0	0	0	1	0
TCGA-77-7463	1423	1	Stage IB	LUSC	0	0	0	0	1	0
TCGA-77-7465	990	0	Stage IIA	LUSC	0	0	0	0	1	0
TCGA-77-8007	198	1	Stage IIB	LUSC	0	0	0	0	1	0
TCGA-77-8008	2639	1	Stage IB	LUSC	0	0	0	0	1	1
TCGA-77-8009	1695	1	Stage IIB	LUSC	0	0	0	0	1	0
TCGA-77-8128	1150	1	Stage IIIA	LUSC	1	0	0	0	1	0
TCGA-77-8130	4765	0	Stage IIB	LUSC	0	0	0	0	1	0
TCGA-77-8131	383	1	Stage IB	LUSC	0	0	0	0	1	1
TCGA-77-8133	1640	1	Stage IIA	LUSC	0	0	0	0	1	0
TCGA-77-8136	1189	1	Stage IIB	LUSC	0	0	0	0	1	1
TCGA-77-8138	539	1	Stage IB	LUSC	0	0	0	0	1	0
TCGA-77-8139	3166	0	Stage IIB	LUSC	0	0	0	0	1	0
TCGA-77-8140	351	1	Stage IIB	LUSC	0	0	0	0	1	0
TCGA-77-8143	803	1	Stage IIIA	LUSC	1	0	0	0	1	0
TCGA-77-8144	833	0	Stage IB	LUSC	0	0	0	0	1	0
TCGA-77-8145	212	1	Stage IIIB	LUSC	1	0	0	0	1	0
TCGA-77-8146	3189	0	Stage IA	LUSC	0	0	0	0	1	0
TCGA-77-8148	2023	0	Stage IIIA	LUSC	1	0	0	0	1	0
TCGA-77-8150	1655	1	Stage IIIA	LUSC	1	0	0	0	1	0
TCGA-77-8153	1992	0	Stage IB	LUSC	0	0	0	0	1	0
TCGA-77-8154	1841	0	Stage IA	LUSC	0	0	0	1	1	0
TCGA-77-8156	1106	0	Stage IB	LUSC	0	0	0	1	1	0
TCGA-77-A5FZ	3838	1	Stage IIIB	LUSC	1	0	0	0	1	0
TCGA-77-A5G1	4026	0	Stage IIIA	LUSC	1	0	0	0	1	0
TCGA-77-A5G3	4570	0	Stage IIB	LUSC	0	0	1	0	1	1
TCGA-77-A5G6	678	1	Stage IIIA	LUSC	1	0	0	0	1	1
TCGA-77-A5G7	180	1	Stage IA	LUSC	0	0	0	0	1	1
TCGA-77-A5G8	1884	0	Stage IIB	LUSC	0	0	0	0	1	1
TCGA-77-A5GA	1280	0	Stage IB	LUSC	0	0	0	0	1	0
TCGA-77-A5GB	937	1	Stage IB	LUSC	0	0	0	0	1	1
TCGA-77-A5GF	840	1	Stage IIA	LUSC	0	0	0	0	1	0
TCGA-77-A5GH	1182	0	Stage IB	LUSC	0	0	0	0	1	1
TCGA-79-5596	NA	0	Stage IIIA	LUSC	1	0	0	0	1	1
TCGA-85-6175	294	1	Stage IIB	LUSC	0	0	0	0	1	1
TCGA-85-6560	1259	0	Stage IIA	LUSC	0	0	0	0	1	0
TCGA-85-6561	1224	0	Stage IB	LUSC	0	0	0	0	1	0
TCGA-85-6798	195	1	Stage IIIA	LUSC	1	0	0	0	1	0
TCGA-85-7696	1111	0	Stage IA	LUSC	0	0	0	0	1	1
TCGA-85-7697	1063	0	Stage IIB	LUSC	0	0	0	1	1	1
TCGA-85-7698	952	0	Stage IA	LUSC	0	0	0	0	1	1
TCGA-85-7699	1001	1	Stage IIIA	LUSC	1	0	0	0	1	1
TCGA-85-7710	42	0	Stage IA	LUSC	0	0	0	0	1	1
TCGA-85-7843	35	0	Stage IIA	LUSC	0	0	0	0	1	1
TCGA-85-7844	911	0	Stage IB	LUSC	0	0	0	1	1	1
TCGA-85-7950	576	0	Stage IB	LUSC	0	0	0	1	1	0
TCGA-85-8048	765	0	Stage IA	LUSC	0	0	0	0	1	0
TCGA-85-8049	579	0	Stage IB	LUSC	0	0	0	0	1	0
TCGA-85-8052	734	0	Stage IIB	LUSC	0	0	0	0	1	1
TCGA-85-8070	960	0	Stage IB	LUSC	0	0	0	0	1	1
TCGA-85-8071	815	0	Stage IIA	LUSC	0	0	0	0	1	0
TCGA-85-8072	932	0	Stage IA	LUSC	0	0	0	0	1	1
TCGA-85-8276	1050	0	Stage IIA	LUSC	0	0	0	0	1	0
TCGA-85-8277	307	1	Stage IIIA	LUSC	1	0	0	0	1	0
TCGA-85-8287	23	1	Stage IA	LUSC	0	0	0	1	1	0
TCGA-85-8288	402	1	Stage IIA	LUSC	0	0	0	0	1	0
TCGA-85-8350	683	0	Stage IA	LUSC	0	0	0	0	1	0
TCGA-85-8351	510	0	Stage IIA	LUSC	0	0	0	0	1	0
TCGA-85-8352	161	1	Stage IIIA	LUSC	1	0	0	0	1	1
TCGA-85-8353	94	1	Stage IIIA	LUSC	1	0	0	0	1	0
TCGA-85-8354	995	0	Stage IB	LUSC	0	0	0	0	1	0
TCGA-85-8355	61	0	Stage IA	LUSC	0	0	0	0	1	0
TCGA-85-8479	468	0	Stage IA	LUSC	0	0	0	0	1	0
TCGA-85-8481	236	1	Stage IIB	LUSC	0	0	0	0	1	0
TCGA-85-8580	1113	0	Stage IB	LUSC	0	0	0	0	1	0
TCGA-85-8582	1160	0	Stage IA	LUSC	0	0	0	0	1	0
TCGA-85-8584	383	1	Stage IIA	LUSC	0	0	0	0	1	0
TCGA-85-8664	550	1	Stage IIB	LUSC	0	0	0	0	1	1
TCGA-85-8666	687	1	Stage IB	LUSC	0	0	0	0	1	0
TCGA-85-A4CL	921	1	Stage IA	LUSC	0	0	0	0	1	0
TCGA-85-A4CN	1038	0	Stage IIB	LUSC	0	0	0	0	1	0
TCGA-85-A4JB	942	0	Stage IIB	LUSC	0	0	0	0	1	0
TCGA-85-A4JC	604	1	Stage IIA	LUSC	0	0	0	0	1	0
TCGA-85-A4PA	741	0	Stage IB	LUSC	0	0	0	0	1	0
TCGA-85-A4QQ	927	1	Stage IB	LUSC	0	0	0	0	1	0
TCGA-85-A4QR	600	0	Stage IB	LUSC	0	0	0	0	1	1
TCGA-85-A50M	826	1	Stage IIA	LUSC	0	0	0	1	1	0
TCGA-85-A50Z	493	0	Stage IIA	LUSC	0	0	0	0	1	1
TCGA-85-A510	482	0	Stage IIB	LUSC	0	0	0	0	1	0
TCGA-85-A511	455	1	Stage IIB	LUSC	0	0	0	0	1	0
TCGA-85-A512	465	0	Stage IIA	LUSC	0	0	0	0	1	0
TCGA-85-A513	910	0	Stage IA	LUSC	0	0	0	0	1	0
TCGA-85-A53L	377	0	Stage IIA	LUSC	0	0	0	0	1	0
TCGA-85-A5B5	111	0	Stage IA	LUSC	0	0	0	0	1	0
TCGA-90-6837	758	0	Stage IIB	LUSC	0	0	0	0	1	0
TCGA-90-7766	289	0	Stage IA	LUSC	0	0	0	0	1	1
TCGA-90-7767	89	0	Stage IIB	LUSC	0	0	0	0	1	1
TCGA-90-7769	358	0	Stage IIB	LUSC	0	0	0	0	1	0
TCGA-90-7964	428	0	Stage IB	LUSC	0	0	0	0	1	0
TCGA-90-A4ED	615	0	Stage IB	LUSC	0	0	1	0	1	0
TCGA-90-A4EE	688	0	Stage IIA	LUSC	0	0	0	0	1	0
TCGA-90-A59Q	322	1	Stage IIA	LUSC	0	0	0	0	1	0
TCGA-92-7340	82	0	Stage IIA	LUSC	0	0	0	0	1	1
TCGA-92-7341	106	0	Stage IB	LUSC	0	0	0	0	1	0
TCGA-92-8063	122	0	Stage IIIA	LUSC	1	0	0	0	1	1
TCGA-92-8064	160	0	[Discrepancy]	LUSC	NA	0	0	0	1	0
TCGA-92-8065	70	0	Stage IIB	LUSC	0	0	0	0	1	0
TCGA-94-7033	640	0	Stage IB	LUSC	0	0	0	0	1	1
TCGA-94-7557	5	1	Stage IB	LUSC	0	0	0	0	1	0
TCGA-94-7943	559	0	Stage IA	LUSC	0	0	0	0	1	0
TCGA-94-8035	122	0	Stage IIB	LUSC	0	0	0	0	1	1
TCGA-94-8490	153	0	Stage IIB	LUSC	0	0	0	0	1	0
TCGA-94-8491	810	0	Stage IIA	LUSC	0	0	0	0	1	0
TCGA-94-A4VJ	430	0	Stage IA	LUSC	0	0	0	0	1	0
TCGA-94-A5I4	491	0	Stage IIA	LUSC	0	0	0	0	1	0
TCGA-94-A5I6	538	0	Stage IIB	LUSC	0	0	0	0	1	0
TCGA-96-7544	2160	1	Stage IIB	LUSC	0	0	0	0	1	0
TCGA-96-7545	1736	1	Stage IA	LUSC	0	0	0	0	1	0
TCGA-96-8169	557	0	Stage IA	LUSC	0	0	0	0	1	0
TCGA-96-8170	531	0	Stage IIA	LUSC	0	0	0	0	1	1
TCGA-96-A4JK	589	0	Stage IIA	LUSC	0	0	0	0	1	1
TCGA-96-A4JL	842	0	Stage IIA	LUSC	0	0	0	0	1	1
TCGA-98-7454	652	0	Stage IB	LUSC	0	0	0	0	1	0
TCGA-98-8020	84	1	Stage IIIA	LUSC	1	0	0	0	1	0
TCGA-98-8021	937	0	Stage IA	LUSC	0	0	0	0	1	0
TCGA-98-8022	933	1	Stage IA	LUSC	0	0	0	0	1	1
TCGA-98-8023	649	0	Stage IIIA	LUSC	1	0	0	0	1	1
TCGA-98-A538	826	0	Stage IIB	LUSC	0	0	0	0	1	0
TCGA-98-A539	173	0	Stage IIB	LUSC	0	0	0	0	1	0
TCGA-98-A53A	552	1	Stage IB	LUSC	0	0	0	0	1	1
TCGA-98-A53B	61	1	Stage IB	LUSC	0	0	1	0	1	0
TCGA-98-A53C	822	0	Stage IA	LUSC	0	0	0	0	1	0
TCGA-98-A53D	645	1	Stage IIB	LUSC	0	0	0	0	1	0
TCGA-98-A53H	618	0	Stage IA	LUSC	0	0	0	0	1	0
TCGA-98-A53I	565	0	Stage IIA	LUSC	0	0	0	0	1	0
TCGA-98-A53J	630	0	Stage IB	LUSC	0	0	0	0	1	1
TCGA-J1-A4AH	581	0	Stage IIA	LUSC	0	0	0	0	1	0
TCGA-L3-A4E7	392	0	Stage IB	LUSC	0	0	0	0	1	0
TCGA-L3-A524	490	1	Stage IIB	LUSC	0	0	0	0	1	1
TCGA-LA-A446	401	0	Stage IA	LUSC	0	0	0	0	1	1
TCGA-LA-A7SW	408	1	Stage IIIA	LUSC	1	1	0	0	1	0
TCGA-MF-A522	360	1	Stage IB	LUSC	0	1	0	0	1	0
TCGA-NC-A5HD	2	1	Stage IIB	LUSC	0	0	0	0	1	0
TCGA-NC-A5HE	2336	0	Stage IIB	LUSC	0	0	0	0	1	1
TCGA-NC-A5HF	138	1	Stage IIIB	LUSC	1	0	0	0	1	0
TCGA-NC-A5HG	1963	0	Stage IIIA	LUSC	1	0	0	0	1	0
TCGA-NC-A5HH	37	0	Stage IA	LUSC	0	0	0	0	1	0
TCGA-NC-A5HI	1743	0	Stage IB	LUSC	0	0	0	0	1	0
TCGA-NC-A5HJ	418	1	Stage IIB	LUSC	0	0	0	0	1	0
TCGA-NC-A5HK	128	0	Stage IIB	LUSC	0	0	0	0	1	1
TCGA-NC-A5HL	88	1	Stage IIA	LUSC	0	0	0	0	1	1
TCGA-NC-A5HM	1212	0	Stage IB	LUSC	0	0	0	0	1	0
TCGA-NC-A5HN	1499	0	Stage IIA	LUSC	0	0	0	0	1	0
TCGA-NC-A5HO	1336	0	Stage IIIA	LUSC	1	0	0	0	1	0
TCGA-NC-A5HP	770	1	Stage IV	LUSC	1	0	0	0	1	0
TCGA-NC-A5HQ	448	1	Stage IIIA	LUSC	1	0	0	0	1	0
TCGA-NC-A5HR	1244	0	Stage IIA	LUSC	0	0	0	0	1	0
TCGA-NC-A5HT	804	0	Stage IIIA	LUSC	1	0	0	0	1	1
TCGA-NK-A5CR	2542	0	Stage IB	LUSC	0	0	0	0	1	0
TCGA-NK-A5CT	1997	0	Stage IA	LUSC	0	0	0	0	1	0
TCGA-NK-A5CX	111	0	Stage IIA	LUSC	0	0	0	0	1	0
TCGA-NK-A5D1	511	0	Stage IIA	LUSC	0	0	0	0	1	0
TCGA-NK-A7XE	13	0	Stage IIIB	LUSC	1	0	0	0	1	0
TCGA-O2-A52N	1006	1	Stage I	LUSC	0	0	0	0	1	1
TCGA-O2-A52Q	113	1	Stage III	LUSC	1	1	0	0	1	0
TCGA-O2-A52S	387	1	Stage III	LUSC	1	0	0	0	1	1
TCGA-O2-A52V	1335	1	Stage II	LUSC	0	0	0	0	1	0
TCGA-O2-A52W	261	1	Stage I	LUSC	0	0	0	0	1	1
TCGA-O2-A5IB	340	1	Stage III	LUSC	1	0	0	0	1	0
TCGA-XC-AA0X	6	1	Stage IA	LUSC	0	0	0	0	1	1
